{"4-Pool": {"liquidity": 1352708.0610537278, "LRNA": 45788.32020515151}, "HDX": {"liquidity": 102821846.91855831, "LRNA": 22173.271648984766}, "USDT": {"liquidity": 2373369.982911, "LRNA": 80284.8883571141}, "WETH": {"liquidity": 66.80262470630142, "LRNA": 4761.828455755044}, "WETH001": {"liquidity": 1014.5808605456294, "LRNA": 71770.99401587425}, "GLMR": {"liquidity": 619310.6088276004, "LRNA": 5801.216737856229}, "iBTC": {"liquidity": 25.89527392, "LRNA": 33710.591633196695}, "BNC": {"liquidity": 693039.4570144806, "LRNA": 6971.186400104866}, "WBTC": {"liquidity": 31.55538995, "LRNA": 41195.01276054621}, "vDOT": {"liquidity": 99980.4148020808, "LRNA": 22205.471103895205}, "DAI": {"liquidity": 153769.42126401287, "LRNA": 5339.033775274492}, "CFG": {"liquidity": 690779.2317838623, "LRNA": 16064.13562141574}, "DOT": {"liquidity": 408989.1577497895, "LRNA": 75162.36531747259}, "DAI001": {"liquidity": 37585.53464434876, "LRNA": 1407.281258338137}, "ZTG": {"liquidity": 3737531.89933067, "LRNA": 3809.58488818363}, "WBTC001": {"liquidity": 0.04374934, "LRNA": 50.601798806111}, "INTR": {"liquidity": 19577861.704025052, "LRNA": 18498.580049523578}, "ASTR": {"liquidity": 3389231.7839224786, "LRNA": 7726.943768536381}}