{"4-Pool": {"liquidity": 1332687.383283113, "LRNA": 46343.07135572106}, "HDX": {"liquidity": 103887831.85203914, "LRNA": 22096.92769782686}, "USDT": {"liquidity": 2333794.900523, "LRNA": 81323.50064917025}, "WETH": {"liquidity": 300.89764978733405, "LRNA": 22022.6498604935}, "WETH001": {"liquidity": 998.5503772775761, "LRNA": 73063.0586426285}, "GLMR": {"liquidity": 607889.0886780379, "LRNA": 5856.589118748921}, "iBTC": {"liquidity": 26.2844647, "LRNA": 34370.49914449066}, "BNC": {"liquidity": 700204.5495188688, "LRNA": 6881.816147019611}, "WBTC": {"liquidity": 31.63776176, "LRNA": 41081.475714824424}, "vDOT": {"liquidity": 100479.2389565108, "LRNA": 21781.444841098684}, "DAI": {"liquidity": 353398.13980324025, "LRNA": 12343.469085393072}, "CFG": {"liquidity": 538980.8722571266, "LRNA": 10185.106861296503}, "DOT": {"liquidity": 392562.1774897939, "LRNA": 70446.59338482533}, "DAI001": {"liquidity": 37585.53464434876, "LRNA": 1407.281258338137}, "ZTG": {"liquidity": 3579706.431414521, "LRNA": 3977.372220688526}, "WBTC001": {"liquidity": 0.04374934, "LRNA": 50.601798806111}, "INTR": {"liquidity": 12632175.69695167, "LRNA": 9071.548819526934}, "ASTR": {"liquidity": 4184895.5795255746, "LRNA": 10119.257861197138}}